{
    "routes": [
      {
        "weight_name": "auto",
        "weight": 139.972,
        "duration": 96.005,
        "distance": 595.878,
        "legs": [
          {
            "via_waypoints": [],
            "annotation": {
              "distance": [
                27.9,
                10.7,
                5.4,
                6.9,
                2.3,
                2.5,
                2.7,
                2.4,
                2.8,
                7.9,
                5.8,
                7.9,
                42.1,
                35,
                9.7,
                51.2,
                27.6,
                20.7,
                42,
                95.7,
                11.6,
                13.9,
                44,
                22.3,
                67.9,
                6.9,
                20.1
              ],
              "duration": [
                6.702,
                2.563,
                1.298,
                1.66,
                0.553,
                0.603,
                0.656,
                0.572,
                1.108,
                1.905,
                0.877,
                0.917,
                4.891,
                4.066,
                1.354,
                7.12,
                3.828,
                3.568,
                7.224,
                16.408,
                1.995,
                5.758,
                5.884,
                2.97,
                9.079,
                0.644,
                1.803
              ]
            },
            "admins": [{"iso_3166_1_alpha3": "USA", "iso_3166_1": "US"}],
            "weight": 139.972,
            "duration": 96.005,
            "steps": [
              {
                "intersections": [
                  {
                    "entry": [true],
                    "bearings": [92],
                    "duration": 6.702,
                    "mapbox_streets_v8": {"class": "service"},
                    "is_urban": true,
                    "admin_index": 0,
                    "out": 0,
                    "weight": 7.539,
                    "geometry_index": 0,
                    "location": [-73.682192, 42.731592]
                  },
                  {
                    "entry": [true, false, false],
                    "in": 2,
                    "bearings": [95, 182, 272],
                    "duration": 5.52,
                    "turn_weight": 1.65,
                    "turn_duration": 0.008,
                    "mapbox_streets_v8": {"class": "service"},
                    "is_urban": true,
                    "admin_index": 0,
                    "out": 0,
                    "weight": 7.86,
                    "geometry_index": 1,
                    "location": [-73.681851, 42.731584]
                  },
                  {
                    "entry": [true, false, true],
                    "in": 1,
                    "bearings": [111, 285, 338],
                    "duration": 2.384,
                    "turn_weight": 1.65,
                    "turn_duration": 0.011,
                    "mapbox_streets_v8": {"class": "service"},
                    "is_urban": true,
                    "admin_index": 0,
                    "out": 0,
                    "weight": 4.35,
                    "geometry_index": 4,
                    "location": [-73.681578, 42.731546]
                  },
                  {
                    "entry": [true, true, true, false],
                    "in": 3,
                    "bearings": [69, 201, 235, 291],
                    "duration": 1.108,
                    "turn_weight": 2.475,
                    "turn_duration": 0.436,
                    "mapbox_streets_v8": {"class": "service"},
                    "is_urban": true,
                    "admin_index": 0,
                    "out": 0,
                    "weight": 3.285,
                    "geometry_index": 8,
                    "location": [-73.681473, 42.731516]
                  },
                  {
                    "bearings": [69, 139, 249, 320],
                    "entry": [true, false, false, false],
                    "in": 2,
                    "turn_weight": 3.3,
                    "turn_duration": 0.007,
                    "mapbox_streets_v8": {"class": "service"},
                    "is_urban": true,
                    "admin_index": 0,
                    "out": 0,
                    "geometry_index": 9,
                    "location": [-73.681441, 42.731525]
                  }
                ],
                "maneuver": {
                  "type": "depart",
                  "instruction": "Drive east.",
                  "bearing_after": 92,
                  "bearing_before": 0,
                  "location": [-73.682192, 42.731592]
                },
                "name": "",
                "duration": 17.619,
                "distance": 71.488,
                "driving_side": "right",
                "weight": 28.494,
                "mode": "driving",
                "geometry": {
                  "coordinates": [
                    [-73.682192, 42.731592],
                    [-73.681851, 42.731584],
                    [-73.681721, 42.731579],
                    [-73.681656, 42.73157],
                    [-73.681578, 42.731546],
                    [-73.681561, 42.73153],
                    [-73.681535, 42.731518],
                    [-73.681502, 42.731514],
                    [-73.681473, 42.731516],
                    [-73.681441, 42.731525],
                    [-73.681351, 42.731551]
                  ],
                  "type": "LineString"
                }
              },
              {
                "intersections": [
                  {
                    "entry": [true, false, true],
                    "in": 1,
                    "bearings": [119, 249, 334],
                    "duration": 10.75,
                    "turn_weight": 11.6,
                    "turn_duration": 0.207,
                    "mapbox_streets_v8": {"class": "tertiary"},
                    "is_urban": true,
                    "admin_index": 0,
                    "out": 0,
                    "weight": 23.489,
                    "geometry_index": 10,
                    "location": [-73.681351, 42.731551]
                  },
                  {
                    "entry": [true, true, false],
                    "in": 2,
                    "bearings": [3, 111, 287],
                    "duration": 1.354,
                    "turn_weight": 0.75,
                    "turn_duration": 0.009,
                    "mapbox_streets_v8": {"class": "tertiary"},
                    "is_urban": true,
                    "admin_index": 0,
                    "out": 1,
                    "weight": 2.308,
                    "geometry_index": 14,
                    "location": [-73.680312, 42.731281]
                  },
                  {
                    "entry": [false, true, false, false],
                    "in": 3,
                    "bearings": [13, 103, 191, 291],
                    "duration": 10.948,
                    "turn_weight": 1.5,
                    "turn_duration": 0.033,
                    "mapbox_streets_v8": {"class": "tertiary"},
                    "is_urban": true,
                    "admin_index": 0,
                    "out": 1,
                    "weight": 13.806,
                    "geometry_index": 15,
                    "location": [-73.680201, 42.73125]
                  },
                  {
                    "entry": [true, true, false],
                    "in": 2,
                    "bearings": [101, 189, 283],
                    "duration": 3.568,
                    "turn_weight": 0.75,
                    "turn_duration": 0.021,
                    "mapbox_streets_v8": {"class": "tertiary"},
                    "is_urban": true,
                    "admin_index": 0,
                    "out": 0,